codi,nom,tipus,emplacament,altitud,estats,coordenades.latitud,coordenades.longitud,municipi.codi,municipi.nom,comarca.codi,comarca.nom,provincia.codi,provincia.nom,xarxa.codi,xarxa.nom
AN,Barcelona - Av. Lluís Companys,A,Av. Lluís Companys (Ciutadella),7.5,"[{'codi': 2, 'dataInici': '1992-05-11T15:30Z', 'dataFi': '2002-10-29T05:00Z'}, {'codi': 1, 'dataInici': '2002-10-29T05:00Z', 'dataFi': None}]",41.39004,2.18091,080193,Barcelona,13,Barcelonès,8,Barcelona,1,XEMA
CA,Clariana de Cardener,A,Abocador comarcal,693.0,"[{'codi': 2, 'dataInici': '1996-05-02T09:00Z', 'dataFi': '2012-07-10T13:00Z'}, {'codi': 1, 'dataInici': '2012-07-10T13:00Z', 'dataFi': None}]",41.95378,1.5851,250753,Clariana de Cardener,35,Solsonès,25,Lleida,1,XEMA
CB,les Llosses,A,Abocador comarcal,700.0,"[{'codi': 2, 'dataInici': '1995-11-30T15:00Z', 'dataFi': '2003-06-02T08:30Z'}, {'codi': 1, 'dataInici': '2003-06-02T08:30Z', 'dataFi': None}]",42.15085,2.19914,170963,Les Llosses,31,Ripollès,17,Girona,1,XEMA
CC,Orís,A,Abocador comarcal,626.0,"[{'codi': 2, 'dataInici': '1995-11-15T10:00Z', 'dataFi': None}]",42.07398,2.20862,081509,Orís,24,Osona,8,Barcelona,1,XEMA
CD,la Seu d'Urgell - Bellestar,A,Abocador comarcal,849.0,"[{'codi': 2, 'dataInici': '1996-01-16T12:30Z', 'dataFi': None}]",42.37083,1.43277,252038,La Seu d'Urgell,4,Alt Urgell,25,Lleida,1,XEMA
CE,els Hostalets de Pierola,A,Abocador de residus,316.0,"[{'codi': 2, 'dataInici': '1996-03-31T23:00Z', 'dataFi': None}]",41.53109,1.80813,081629,Els Hostalets de Pierola,6,Anoia,8,Barcelona,1,XEMA
CF,Lloret de Mar,A,Abocador municipal,63.3,"[{'codi': 2, 'dataInici': '1996-02-05T12:00Z', 'dataFi': '2003-06-16T09:00Z'}, {'codi': 1, 'dataInici': '2003-06-16T09:00Z', 'dataFi': None}]",41.72346,2.84282,170950,Lloret de Mar,34,Selva,17,Girona,1,XEMA
CG,Molló - Fabert,A,Veïnat de Fabert,1405.0,"[{'codi': 2, 'dataInici': '1996-06-06T14:00Z', 'dataFi': None}]",42.37717,2.41456,171077,Molló,31,Ripollès,17,Girona,1,XEMA
CH,Falset - Escola,A,Col·legi Públic Antoni Vilanova,350.0,"[{'codi': 2, 'dataInici': '1995-12-01T02:00Z', 'dataFi': '2005-07-05T16:00Z'}, {'codi': 1, 'dataInici': '2005-07-05T16:00Z', 'dataFi': None}]",41.15076,0.82357,430555,Falset,29,Priorat,43,Tarragona,1,XEMA
CI,Sant Pau de Segúries,A,Estació meteorològica municipal,852.0,"[{'codi': 2, 'dataInici': '1995-11-24T15:00Z', 'dataFi': None}]",42.25839,2.36429,171772,Sant Pau de Segúries,31,Ripollès,17,Girona,1,XEMA
CJ,Organyà,A,Càmping municipal,566.5,"[{'codi': 2, 'dataInici': '1996-01-16T10:30Z', 'dataFi': None}]",42.21624,1.33132,251556,Organyà,4,Alt Urgell,25,Lleida,1,XEMA
CK,Santa Coloma de Farners,A,Dipòsit d'aigua,163.0,"[{'codi': 2, 'dataInici': '1996-02-05T17:30Z', 'dataFi': '2004-06-08T09:00Z'}, {'codi': 1, 'dataInici': '2004-06-08T09:00Z', 'dataFi': None}]",41.86472,2.66451,171805,Santa Coloma de Farners,34,Selva,17,Girona,1,XEMA
CL,Sant Salvador de Guardiola,A,Urbanització Miralda,349.0,"[{'codi': 2, 'dataInici': '1996-02-02T11:30Z', 'dataFi': None}]",41.67399,1.76796,080983,Sant Salvador de Guardiola,7,Bages,8,Barcelona,1,XEMA
CM,Montmeló,A,Torreta de Can Campanyà,75.2,"[{'codi': 2, 'dataInici': '1996-01-23T19:30Z', 'dataFi': '2006-03-22T09:00Z'}, {'codi': 1, 'dataInici': '2006-03-22T09:00Z', 'dataFi': None}]",41.54911,2.24546,081350,Montmeló,41,Vallès Oriental,8,Barcelona,1,XEMA
CN,Guardiola de Berguedà - Escola,A,Centre d'Assistència Primària,719.8,"[{'codi': 2, 'dataInici': '1996-02-20T11:00Z', 'dataFi': '2005-03-21T10:00Z'}, {'codi': 1, 'dataInici': '2005-03-21T10:00Z', 'dataFi': None}]",42.22903,1.87672,080996,Guardiola de Berguedà,14,Berguedà,8,Barcelona,1,XEMA
CO,Torres de Segre - Depuradora,A,Depuradora municipal,143.6,"[{'codi': 2, 'dataInici': '1995-11-23T17:00Z', 'dataFi': '2006-05-25T10:00Z'}, {'codi': 1, 'dataInici': '2006-05-25T10:00Z', 'dataFi': None}]",41.52603,0.52711,252326,Torres de Segre,33,Segrià,25,Lleida,1,XEMA
CP,Sant Romà d'Abella,A,Sant Romà d'Abella - el Tossal,690.0,"[{'codi': 2, 'dataInici': '1996-05-20T14:30Z', 'dataFi': None}]",42.13924,1.03893,251155,Isona i Conca Dellà,25,Pallars Jussà,25,Lleida,1,XEMA
CQ,Vilanova de Meià,A,Camp de fútbol,594.0,"[{'codi': 2, 'dataInici': '1996-04-01T11:00Z', 'dataFi': None}]",41.99546,1.02569,252509,Vilanova de Meià,23,Noguera,25,Lleida,1,XEMA
CR,la Quar,A,Sant Maurici,873.0,"[{'codi': 2, 'dataInici': '1996-03-13T11:30Z', 'dataFi': None}]",42.08032,1.9624,081770,La Quar,14,Berguedà,8,Barcelona,1,XEMA
CS,Viladrau - centre,A,Mas del Torrent,777.0,"[{'codi': 2, 'dataInici': '1995-12-05T10:30Z', 'dataFi': '2004-06-08T14:00Z'}, {'codi': 1, 'dataInici': '2004-06-08T14:00Z', 'dataFi': None}]",41.84502,2.3881,172207,Viladrau,24,Osona,17,Girona,1,XEMA
CT,el Pont de Suert,A,Depuradora municipal,823.0,"[{'codi': 2, 'dataInici': '1996-02-14T14:00Z', 'dataFi': None}]",42.39811,0.74362,251734,El Pont de Suert,5,Alta Ribagorça,25,Lleida,1,XEMA
CU,Vielha,A,Prat de Tixineret,1002.0,"[{'codi': 2, 'dataInici': '1996-02-15T13:30Z', 'dataFi': '2022-06-01T10:30Z'}, {'codi': 1, 'dataInici': '2022-06-01T10:30Z', 'dataFi': None}]",42.69856,0.79397,252430,Vielha e Mijaran,39,Val d'Aran,25,Lleida,1,XEMA
CV,la Pobla de Segur - Bombers,A,Parc de Bombers,513.3,"[{'codi': 2, 'dataInici': '1995-12-22T16:00Z', 'dataFi': '2016-11-18T14:00Z'}, {'codi': 1, 'dataInici': '2016-11-18T14:00Z', 'dataFi': None}]",42.23939,0.96434,251713,La Pobla de Segur,25,Pallars Jussà,25,Lleida,1,XEMA
CW,l'Espluga de Francolí,A,Urb. Espluga Parc,446.0,"[{'codi': 2, 'dataInici': '1996-02-23T21:00Z', 'dataFi': None}]",41.39241,1.09894,430542,L'Espluga de Francolí,16,Conca de Barberà,43,Tarragona,1,XEMA
CX,Vic - 1,A,Estadi d'atletisme,497.8,"[{'codi': 2, 'dataInici': '1996-01-18T14:30Z', 'dataFi': '2003-01-01T00:00Z'}, {'codi': 1, 'dataInici': '2003-01-01T00:00Z', 'dataFi': None}]",41.93582,2.23857,082981,Vic,24,Osona,8,Barcelona,1,XEMA
CY,Muntanyola,A,Esglèsia de St. Quirze i Sta. Julita,816.0,"[{'codi': 2, 'dataInici': '1996-01-12T12:00Z', 'dataFi': None}]",41.87813,2.17873,081290,Muntanyola,24,Osona,8,Barcelona,1,XEMA
CZ,Ulldemolins - Zona Esportiva,A,Poliesportiu municipal,631.0,"[{'codi': 2, 'dataInici': '1996-03-04T10:30Z', 'dataFi': '2008-04-15T09:00Z'}, {'codi': 1, 'dataInici': '2008-04-15T09:00Z', 'dataFi': None}]",41.3191,0.87868,431573,Ulldemolins,29,Priorat,43,Tarragona,1,XEMA
C6,Castellnou de Seana,A,Abocador comarcal,264.0,"[{'codi': 2, 'dataInici': '1995-12-16T23:00Z', 'dataFi': None}]",41.6566,0.95172,250680,Castellnou de Seana,27,Pla d'Urgell,25,Lleida,1,XEMA
C7,Tàrrega,A,Abocador comarcal,427.0,"[{'codi': 2, 'dataInici': '1995-11-06T18:00Z', 'dataFi': None}]",41.66695,1.16234,252173,Tàrrega,38,Urgell,25,Lleida,1,XEMA
C8,Cervera,A,Abocador comarcal,554.0,"[{'codi': 2, 'dataInici': '1995-10-27T10:30Z', 'dataFi': None}]",41.67555,1.29609,250729,Cervera,32,Segarra,25,Lleida,1,XEMA
C9,Mas de Barberans,A,Abocador comarcal,240.0,"[{'codi': 2, 'dataInici': '1997-04-11T11:30Z', 'dataFi': None}]",40.71825,0.39988,430770,Mas de Barberans,22,Montsià,43,Tarragona,1,XEMA
DA,Vila-rodona - Escola,A,Zona de les Escoles Noves,278.0,"[{'codi': 2, 'dataInici': '1998-01-23T14:30Z', 'dataFi': '2005-07-28T10:00Z'}, {'codi': 1, 'dataInici': '2005-07-28T10:00Z', 'dataFi': None}]",41.30839,1.3622,431704,Vila-rodona,1,Alt Camp,43,Tarragona,1,XEMA
DB,el Perelló,A,Dipòsit d'aigua,179.0,"[{'codi': 2, 'dataInici': '1998-02-05T16:00Z', 'dataFi': None}]",40.87287,0.71581,431042,El Perelló,9,Baix Ebre,43,Tarragona,1,XEMA
DC,Olot - Pla de Baix,A,Heliport Mossos d'Esquadra,421.5,"[{'codi': 2, 'dataInici': '1998-04-24T22:00Z', 'dataFi': '2016-07-21T13:30Z'}, {'codi': 1, 'dataInici': '2016-07-21T13:30Z', 'dataFi': None}]",42.19144,2.48263,171143,Olot,19,Garrotxa,17,Girona,1,XEMA
DD,Vilassar de Mar,A,"Soc.Civil d'Aigües ""La Mina Vella""",44.5,"[{'codi': 2, 'dataInici': '1998-05-04T13:30Z', 'dataFi': '2015-01-16T09:30Z'}, {'codi': 1, 'dataInici': '2015-01-16T09:30Z', 'dataFi': None}]",41.51175,2.38674,082191,Vilassar de Mar,21,Maresme,8,Barcelona,1,XEMA
DE,Botarell,A,Planta de compostatge,231.0,"[{'codi': 2, 'dataInici': '1998-01-16T16:00Z', 'dataFi': '2007-01-16T08:30Z'}, {'codi': 1, 'dataInici': '2007-01-16T08:30Z', 'dataFi': None}]",41.15404,0.99772,430332,Botarell,8,Baix Camp,43,Tarragona,1,XEMA
DF,la Bisbal d'Empordà,A,Estació depuradora,28.6,"[{'codi': 2, 'dataInici': '1998-03-25T15:00Z', 'dataFi': None}]",41.97751,3.03543,170221,La Bisbal d'Empordà,10,Baix Empordà,17,Girona,1,XEMA
DG,Núria (1.971 m),A,Santuari de Núria,1971.4,"[{'codi': 2, 'dataInici': '1998-05-15T09:30Z', 'dataFi': None}]",42.39848,2.15517,170433,Queralbs,31,Ripollès,17,Girona,1,XEMA
DH,Badalona - Mas Ram,A,Urb. Mas Ram - Escola Pere Vergès,126.0,"[{'codi': 2, 'dataInici': '1998-03-23T15:00Z', 'dataFi': '2005-09-08T20:30Z'}, {'codi': 1, 'dataInici': '2005-09-08T20:30Z', 'dataFi': None}]",41.47638,2.25213,080155,Badalona,13,Barcelonès,8,Barcelona,1,XEMA
DI,Font-rubí,A,Masia Ca l'Amàlia - Montjuic,415.0,"[{'codi': 2, 'dataInici': '1998-07-16T18:30Z', 'dataFi': None}]",41.43292,1.62386,080850,Font-rubí,3,Alt Penedès,8,Barcelona,1,XEMA
DJ,Banyoles,A,Abocador comarcal de Puigpalter,176.0,"[{'codi': 2, 'dataInici': '1999-10-11T15:30Z', 'dataFi': None}]",42.11653,2.78969,170157,Banyoles,28,Pla de l'Estany,17,Girona,1,XEMA
DK,Torredembarra,A,Aiguamolls els Muntanyans,2.0,"[{'codi': 2, 'dataInici': '1999-11-24T00:00Z', 'dataFi': None}]",41.14677,1.41846,431536,Torredembarra,36,Tarragonès,43,Tarragona,1,XEMA
DL,Illa de Buda,A,Mas de Buda,0.5,"[{'codi': 2, 'dataInici': '1999-07-14T13:00Z', 'dataFi': None}]",40.70719,0.83449,439023,Sant Jaume d'Enveja,22,Montsià,43,Tarragona,1,XEMA
DM,Girona - Bombers,A,Parc de Bombers,90.0,"[{'codi': 2, 'dataInici': '2001-05-10T12:30Z', 'dataFi': '2010-09-15T08:00Z'}, {'codi': 1, 'dataInici': '2010-09-15T08:00Z', 'dataFi': None}]",41.96012,2.80696,170792,Girona,20,Gironès,17,Girona,1,XEMA
DN,Anglès,A,Poliesportiu municipal,150.0,"[{'codi': 2, 'dataInici': '2001-05-10T16:30Z', 'dataFi': None}]",41.96095,2.63108,170084,Anglès,34,Selva,17,Girona,1,XEMA
DO,Castell d'Aro,A,Parc de Bombers,14.0,"[{'codi': 2, 'dataInici': '2001-05-10T10:00Z', 'dataFi': None}]",41.80857,3.03241,170486,Castell-Platja d'Aro,10,Baix Empordà,17,Girona,1,XEMA
DP,Das - Aeròdrom,A,Aeròdrom de la Cerdanya,1097.0,"[{'codi': 2, 'dataInici': '2001-05-22T10:30Z', 'dataFi': None}]",42.38605,1.8664,170617,Das,15,Cerdanya,17,Girona,1,XEMA
DQ,Vila-rodona,A,Nova estació,287.0,"[{'codi': 2, 'dataInici': '2005-07-29T11:30Z', 'dataFi': None}]",41.30728,1.36259,431704,Vila-rodona,1,Alt Camp,43,Tarragona,1,XEMA
D1,Margalef,A,Dipòsit d'aigua,404.0,"[{'codi': 2, 'dataInici': '1996-01-14T17:30Z', 'dataFi': None}]",41.28521,0.75383,430751,Margalef,29,Priorat,43,Tarragona,1,XEMA
D2,Vacarisses,A,Planta potabilitzadora,343.0,"[{'codi': 2, 'dataInici': '1996-02-15T19:30Z', 'dataFi': None}]",41.59252,1.915,082917,Vacarisses,40,Vallès Occidental,8,Barcelona,1,XEMA
D3,Vallirana,A,C. Arquitecte Baldric,252.0,"[{'codi': 2, 'dataInici': '1995-10-28T10:00Z', 'dataFi': None}]",41.38197,1.93564,082956,Vallirana,11,Baix Llobregat,8,Barcelona,1,XEMA
D4,Roses,A,Poliesportiu Municipal,24.0,"[{'codi': 2, 'dataInici': '1996-02-07T12:30Z', 'dataFi': None}]",42.27065,3.18165,171523,Roses,2,Alt Empordà,17,Girona,1,XEMA
D5,Barcelona - Observatori Fabra,A,Observatori Fabra,411.0,"[{'codi': 2, 'dataInici': '1995-11-03T18:00Z', 'dataFi': None}]",41.41864,2.12379,080193,Barcelona,13,Barcelonès,8,Barcelona,1,XEMA
D6,Portbou,A,Punta de l'Aucell  (zona fronterera),196.0,"[{'codi': 2, 'dataInici': '1998-03-25T16:30Z', 'dataFi': None}]",42.43515,3.16622,171387,Portbou,2,Alt Empordà,17,Girona,1,XEMA
D7,Vinebre,A,Partida de Mallols,53.0,"[{'codi': 2, 'dataInici': '1998-01-22T16:00Z', 'dataFi': None}]",41.18499,0.59376,431779,Vinebre,30,Ribera d'Ebre,43,Tarragona,1,XEMA
D8,Horta de Sant Joan,A,Les Forques,515.0,"[{'codi': 2, 'dataInici': '1998-01-28T15:30Z', 'dataFi': None}]",40.95134,0.30565,430712,Horta de Sant Joan,37,Terra Alta,43,Tarragona,1,XEMA
D9,el Vendrell,A,Instal·lacions esportives municipals,59.0,"[{'codi': 2, 'dataInici': '1999-06-11T09:00Z', 'dataFi': None}]",41.21553,1.52121,431634,El Vendrell,12,Baix Penedès,43,Tarragona,1,XEMA
H1,Òdena,A,Aeròdrom d'Òdena,333.0,"[{'codi': 2, 'dataInici': '1999-05-31T10:30Z', 'dataFi': None}]",41.58642,1.65306,081430,Òdena,6,Anoia,8,Barcelona,1,XEMA
J5,Pantà de Darnius - Boadella,A,Presa del Pantà de Darnius - Boadella,158.0,"[{'codi': 2, 'dataInici': '1996-01-05T08:10Z', 'dataFi': None}]",42.34215,2.83423,170600,Darnius,2,Alt Empordà,17,Girona,1,XEMA
KE,Pantà de Sau,A,Central hidroelèctrica de Sau,426.0,"[{'codi': 2, 'dataInici': '1996-01-05T07:15Z', 'dataFi': None}]",41.96867,2.41404,083036,Vilanova de Sau,24,Osona,8,Barcelona,1,XEMA
KP,Fogars de la Selva,A,Can Simó,36.0,"[{'codi': 2, 'dataInici': '1996-01-05T07:10Z', 'dataFi': None}]",41.73894,2.69436,080826,Fogars de la Selva,34,Selva,17,Girona,1,XEMA
KX,la Roca del Vallès - ETAP Cardedeu,A,Planta tractament d'Aigües Ter - Llobregat,156.0,"[{'codi': 2, 'dataInici': '1996-01-05T06:35Z', 'dataFi': None}]",41.61865,2.36114,081810,La Roca del Vallès,41,Vallès Oriental,8,Barcelona,1,XEMA
MQ,Cardona,A,Boca nord del túnel de desviament del Cardener,402.0,"[{'codi': 2, 'dataInici': '2003-01-16T09:55Z', 'dataFi': None}]",41.92047,1.69584,080478,Cardona,7,Bages,8,Barcelona,1,XEMA
MR,Pantà de Siurana,A,Pantà de Siurana - Xalet del Pantà,500.0,"[{'codi': 2, 'dataInici': '2010-11-08T00:00Z', 'dataFi': None}]",41.25079,0.9106,430496,Cornudella de Montsant,29,Priorat,43,Tarragona,1,XEMA
MS,Castellar de n'Hug - el Clot del Moro,A,Aforament Castellar de n'Hug,938.0,"[{'codi': 2, 'dataInici': '2010-01-26T16:15Z', 'dataFi': '2011-06-01T00:00Z'}, {'codi': 1, 'dataInici': '2011-06-01T00:00Z', 'dataFi': '2015-02-14T20:10Z'}, {'codi': 2, 'dataInici': '2015-02-14T20:10Z', 'dataFi': None}]",42.25978,1.97747,080522,Castellar de n'Hug,14,Berguedà,8,Barcelona,1,XEMA
MV,Guixers - Valls,A,Cal Teuler,845.0,"[{'codi': 2, 'dataInici': '2015-06-17T00:00Z', 'dataFi': None}]",42.13598,1.67295,251116,Guixers,35,Solsonès,25,Lleida,1,XEMA
MW,Navès,A,el Garrigar,545.0,"[{'codi': 2, 'dataInici': '2010-03-22T13:05Z', 'dataFi': '2011-05-27T23:10Z'}, {'codi': 1, 'dataInici': '2011-05-27T23:10Z', 'dataFi': '2015-07-28T00:00Z'}, {'codi': 2, 'dataInici': '2015-07-28T00:00Z', 'dataFi': None}]",42.00707,1.65239,251462,Navès,35,Solsonès,25,Lleida,1,XEMA
M6,Sant Joan de les Abadesses,A,Agrupació Esportiva del Ripollès,730.0,"[{'codi': 2, 'dataInici': '1996-01-13T12:50Z', 'dataFi': None}]",42.22189,2.2427,171674,Sant Joan de les Abadesses,31,Ripollès,17,Girona,1,XEMA
R1,el Pont de Vilomara,A,Planta de reciclatge de piles i fluorescents,210.0,"[{'codi': 2, 'dataInici': '2000-03-02T00:00Z', 'dataFi': '2019-11-01T00:00Z'}, {'codi': 1, 'dataInici': '2019-11-01T00:00Z', 'dataFi': None}]",41.70637,1.87276,081825,El Pont de Vilomara i Rocafort,7,Bages,8,Barcelona,1,XEMA
UA,l'Ametlla de Mar,A,Caseta d'en Butxaca,93.0,"[{'codi': 2, 'dataInici': '1995-08-29T00:00Z', 'dataFi': None}]",40.9091,0.76943,430136,L'Ametlla de Mar,9,Baix Ebre,43,Tarragona,1,XEMA
UB,la Tallada d'Empordà,A,Findació Mas Badia - Canet de la Tallada,15.0,"[{'codi': 2, 'dataInici': '1989-05-01T00:00Z', 'dataFi': None}]",42.05398,3.06195,171959,La Tallada d'Empordà,10,Baix Empordà,17,Girona,1,XEMA
UC,Monells,A,Finca Camps i Armet - Escola Capacitació Agrària,60.0,"[{'codi': 2, 'dataInici': '1998-03-04T00:00Z', 'dataFi': '2021-06-15T08:00Z'}, {'codi': 1, 'dataInici': '2021-06-15T08:00Z', 'dataFi': None}]",41.97726,2.99705,179011,"Cruïlles, Monells i Sant Sadurní de l'Heura",10,Baix Empordà,17,Girona,1,XEMA
UD,Serra de Daró,A,Camí de la Barceloneta - St. Iscle d'Empordà,12.0,"[{'codi': 2, 'dataInici': '1999-06-09T15:00Z', 'dataFi': '2013-06-01T00:00Z'}, {'codi': 1, 'dataInici': '2013-06-01T00:00Z', 'dataFi': None}]",42.02895,3.06227,171910,Serra de Daró,10,Baix Empordà,17,Girona,1,XEMA
UE,Torroella de Montgrí,A,la Feixa Gata,4.0,"[{'codi': 2, 'dataInici': '1999-06-09T12:00Z', 'dataFi': None}]",42.02306,3.15719,171997,Torroella de Montgrí,10,Baix Empordà,17,Girona,1,XEMA
UF,PN del Garraf - el Rascler,A,El Rascler - Centre de Repetidors Aeroport. Parc Natural del Garraf,573.0,"[{'codi': 2, 'dataInici': '1996-02-29T00:00Z', 'dataFi': None}]",41.28832,1.90775,080207,Begues,11,Baix Llobregat,8,Barcelona,1,XEMA
UG,Viladecans,A,"Planters Gusi, ctra. antiga de València, km 14",3.0,"[{'codi': 2, 'dataInici': '1993-04-29T00:00Z', 'dataFi': None}]",41.29928,2.03787,083015,Viladecans,11,Baix Llobregat,8,Barcelona,1,XEMA
UH,el Montmell,A,Finca Vallflor - Aigua Viva,545.0,"[{'codi': 2, 'dataInici': '1995-07-13T00:00Z', 'dataFi': None}]",41.34171,1.48769,430901,El Montmell,12,Baix Penedès,43,Tarragona,1,XEMA
UI,Gisclareny,A,Coll de la Bena - Font del Cabrer,1386.0,"[{'codi': 2, 'dataInici': '1999-03-12T13:00Z', 'dataFi': None}]",42.26477,1.76218,080930,Gisclareny,14,Berguedà,8,Barcelona,1,XEMA
UJ,Santa Coloma de Queralt,A,Partida la Cabana,709.0,"[{'codi': 2, 'dataInici': '1996-11-19T20:00Z', 'dataFi': None}]",41.52879,1.3683,431397,Santa Coloma de Queralt,16,Conca de Barberà,43,Tarragona,1,XEMA
UK,Sant Pere de Ribes - PN del Garraf,A,Granja escola Can Pere,161.0,"[{'codi': 2, 'dataInici': '1999-05-11T14:00Z', 'dataFi': None}]",41.27861,1.80479,082310,Sant Pere de Ribes,17,Garraf,8,Barcelona,1,XEMA
UL,Castelldans,A,"Mas de St. Jaume, crta. de Castelldans a Puigvert",228.0,"[{'codi': 2, 'dataInici': '1997-09-16T00:00Z', 'dataFi': '2017-02-21T11:30Z'}, {'codi': 1, 'dataInici': '2017-02-21T11:30Z', 'dataFi': None}]",41.52911,0.75303,250674,Castelldans,18,Garrigues,25,Lleida,1,XEMA
UM,la Granadella,A,Horts de la Vall Major,505.0,"[{'codi': 2, 'dataInici': '1992-01-30T13:00Z', 'dataFi': None}]",41.35991,0.66789,251018,La Granadella,18,Garrigues,25,Lleida,1,XEMA
UN,Cassà de la Selva,A,Finca Mas Bassets,171.0,"[{'codi': 2, 'dataInici': '1993-03-08T12:00Z', 'dataFi': None}]",41.87449,2.92694,170448,Cassà de la Selva,20,Gironès,17,Girona,1,XEMA
UO,Fornells de la Selva,A,La Torre de Reset,97.0,"[{'codi': 2, 'dataInici': '1998-11-10T14:00Z', 'dataFi': None}]",41.91461,2.82069,170736,Fornells de la Selva,20,Gironès,17,Girona,1,XEMA
UP,Cabrils,A,"IRTA Cabrils, crta. de Vilassar a Cabrils, s/n",81.0,"[{'codi': 2, 'dataInici': '1995-11-27T14:00Z', 'dataFi': None}]",41.51773,2.37702,080305,Cabrils,21,Maresme,8,Barcelona,1,XEMA
UQ,Dosrius - PN Montnegre Corredor,A,Parc Natural del Corredor. Masia Can Bosc,460.0,"[{'codi': 2, 'dataInici': '1996-08-09T11:00Z', 'dataFi': None}]",41.61991,2.44532,080752,Dosrius,21,Maresme,8,Barcelona,1,XEMA
UR,Malgrat de Mar - Cooperativa,A,"Cooperativa Garbí, camí del Pla, s/n. Apt. correus 80",2.0,"[{'codi': 2, 'dataInici': '1990-01-09T23:00Z', 'dataFi': '2005-05-04T10:30Z'}, {'codi': 1, 'dataInici': '2005-05-04T10:30Z', 'dataFi': None}]",41.64908,2.75209,081108,Malgrat de Mar,21,Maresme,8,Barcelona,1,XEMA
US,Alcanar,A,El Mas d'en Serra - Barranc de St. Jaume,24.0,"[{'codi': 2, 'dataInici': '1991-05-06T15:00Z', 'dataFi': None}]",40.55786,0.52329,430043,Alcanar,22,Montsià,43,Tarragona,1,XEMA
UT,les Cases d'Alcanar,A,Port de les Cases d'Alcanar,3.0,"[{'codi': 2, 'dataInici': '1993-08-31T12:00Z', 'dataFi': '2001-11-11T06:00Z'}, {'codi': 1, 'dataInici': '2001-11-11T06:00Z', 'dataFi': None}]",40.55219,0.53252,430043,Alcanar,22,Montsià,43,Tarragona,1,XEMA
UU,Amposta,A,"IRTA - Estació Exp. Ebre, ctra. de Balada, s/n",3.0,"[{'codi': 2, 'dataInici': '1992-02-06T13:00Z', 'dataFi': None}]",40.70776,0.6321,430141,Amposta,22,Montsià,43,Tarragona,1,XEMA
UV,Mas de Barberans - Mitanplana,A,Finca del Sifonero,205.0,"[{'codi': 2, 'dataInici': '1992-11-17T13:00Z', 'dataFi': '2011-01-03T00:00Z'}, {'codi': 1, 'dataInici': '2011-01-03T00:00Z', 'dataFi': None}]",40.71727,0.41633,430770,Mas de Barberans,22,Montsià,43,Tarragona,1,XEMA
UW,els Alfacs,A,"IRTA Centre d'Aqüicultura, crta. Poble Nou del Delta, km 5,5",0.0,"[{'codi': 2, 'dataInici': '1994-07-06T11:00Z', 'dataFi': None}]",40.62725,0.65922,431362,La Ràpita,22,Montsià,43,Tarragona,1,XEMA
UX,Ulldecona - els Valentins,A,Comunitat de regants del Pou Valentins,210.0,"[{'codi': 2, 'dataInici': '1990-11-15T00:00Z', 'dataFi': None}]",40.62652,0.37112,431567,Ulldecona,22,Montsià,43,Tarragona,1,XEMA
UY,Os de Balaguer - el Monestir d'Avellanes,A,Quatre Vents - Monestir de les Avellanes,576.0,"[{'codi': 2, 'dataInici': '1995-07-07T00:00Z', 'dataFi': None}]",41.87912,0.76103,251569,Os de Balaguer,23,Noguera,25,Lleida,1,XEMA
U1,Cabanes - Mas de la Rajoleria,A,"Mas St. Feliu, S.A., camí de St. Feli, s/n",31.0,"[{'codi': 2, 'dataInici': '1991-06-11T00:00Z', 'dataFi': '2024-05-10T13:00Z'}, {'codi': 1, 'dataInici': '2024-05-10T13:00Z', 'dataFi': None}]",42.30648,2.95481,170307,Cabanes,2,Alt Empordà,17,Girona,1,XEMA
U2,Sant Pere Pescador,A,"Mas Blanc, Mas Fages 17",4.0,"[{'codi': 2, 'dataInici': '1989-05-01T00:00Z', 'dataFi': None}]",42.17716,3.0968,171788,Sant Pere Pescador,2,Alt Empordà,17,Girona,1,XEMA
U3,Sant Martí Sarroca,A,Mas Rabell de Fontenac,257.0,"[{'codi': 2, 'dataInici': '1997-05-24T00:00Z', 'dataFi': None}]",41.37491,1.63032,082270,Sant Martí Sarroca,3,Alt Penedès,8,Barcelona,1,XEMA
U4,Castellnou de Bages,A,Masia Can Vilaseca,507.0,"[{'codi': 2, 'dataInici': '1998-01-22T00:00Z', 'dataFi': None}]",41.83094,1.84699,080620,Castellnou de Bages,7,Bages,8,Barcelona,1,XEMA
U5,Prades - los Hortals,A,Finca los Hortals,969.0,"[{'codi': 2, 'dataInici': '1995-12-12T00:00Z', 'dataFi': '2013-01-31T10:00Z'}, {'codi': 1, 'dataInici': '2013-01-31T10:00Z', 'dataFi': None}]",41.31349,0.99611,431166,Prades,8,Baix Camp,43,Tarragona,1,XEMA
U6,Vinyols i els Arcs,A,Casa Sant Josep - Escola la Salle,29.0,"[{'codi': 2, 'dataInici': '1989-05-17T00:00Z', 'dataFi': None}]",41.08017,1.06661,431785,Vinyols i els Arcs,8,Baix Camp,43,Tarragona,1,XEMA
U7,Aldover,A,Granges de Fabra,52.0,"[{'codi': 2, 'dataInici': '1994-12-31T22:00Z', 'dataFi': None}]",40.85936,0.50525,430069,Aldover,9,Baix Ebre,43,Tarragona,1,XEMA
U8,Punta del Fangar,A,Punta del Fangar,0.0,"[{'codi': 2, 'dataInici': '1992-04-30T00:00Z', 'dataFi': '2009-02-19T10:00Z'}, {'codi': 1, 'dataInici': '2009-02-19T09:30Z', 'dataFi': None}]",40.78653,0.74264,439018,Deltebre,9,Baix Ebre,43,Tarragona,1,XEMA
U9,l'Aldea,A,Barranc del Mas Roig,62.0,"[{'codi': 2, 'dataInici': '1991-06-03T23:00Z', 'dataFi': None}]",40.76947,0.61635,439044,L'Aldea,9,Baix Ebre,43,Tarragona,1,XEMA
VA,Ascó,A,Camí de la Serra de les Moncas,257.0,"[{'codi': 2, 'dataInici': '1998-06-15T10:00Z', 'dataFi': None}]",41.19645,0.51161,430192,Ascó,30,Ribera d'Ebre,43,Tarragona,1,XEMA
VB,Benissanet,A,"Grup Fruiter Benissanet, crta. de Mora, s/n",32.0,"[{'codi': 2, 'dataInici': '1993-07-14T00:00Z', 'dataFi': None}]",41.06289,0.63517,430265,Benissanet,30,Ribera d'Ebre,43,Tarragona,1,XEMA
VC,Pantà de Riba-roja,A,Presa de Riba-roja,69.0,"[{'codi': 2, 'dataInici': '1996-11-18T18:00Z', 'dataFi': None}]",41.24415,0.43266,431251,Riba-roja d'Ebre,30,Ribera d'Ebre,43,Tarragona,1,XEMA
VD,el Canós,A,Camí de la Figuerosa,429.0,"[{'codi': 2, 'dataInici': '1988-10-22T03:00Z', 'dataFi': None}]",41.68939,1.20381,259118,Els Plans de Sió,32,Segarra,25,Lleida,1,XEMA
VE,Aitona,A,Camí del canal de Seròs,97.0,"[{'codi': 2, 'dataInici': '1998-03-12T13:00Z', 'dataFi': '2022-04-12T09:30Z'}, {'codi': 1, 'dataInici': '2022-04-12T09:30Z', 'dataFi': None}]",41.48692,0.46058,250387,Aitona,33,Segrià,25,Lleida,1,XEMA
VF,Alcarràs - Torrent d'Alcarràs,A,Partida Graminella,122.0,"[{'codi': 2, 'dataInici': '1997-09-17T14:00Z', 'dataFi': '2013-07-31T10:00Z'}, {'codi': 1, 'dataInici': '2013-07-31T10:00Z', 'dataFi': None}]",41.56482,0.54999,250117,Alcarràs,33,Segrià,25,Lleida,1,XEMA
VH,Gimenells,A,IRTA - Estació de Gimenells,259.0,"[{'codi': 2, 'dataInici': '1996-12-10T14:00Z', 'dataFi': None}]",41.65814,0.39301,259123,Gimenells i el Pla de la Font,33,Segrià,25,Lleida,1,XEMA
VI,Lleida,A,Av. Alcalde Rovira Roure,190.0,"[{'codi': 2, 'dataInici': '1990-03-30T12:00Z', 'dataFi': '2000-06-15T12:00Z'}, {'codi': 1, 'dataInici': '2000-06-15T12:00Z', 'dataFi': None}]",41.62918,0.59622,251207,Lleida,33,Segrià,25,Lleida,1,XEMA
VJ,Lleida - Pla de Lleida,A,"C. Pla de Lleida, 10 - Bordeta",161.0,"[{'codi': 2, 'dataInici': '1997-09-16T00:00Z', 'dataFi': '2013-07-24T11:00Z'}, {'codi': 1, 'dataInici': '2013-07-24T11:00Z', 'dataFi': None}]",41.59957,0.6478,251207,Lleida,33,Segrià,25,Lleida,1,XEMA
VK,Raimat,A,Finca Montserrat - Raimat,286.0,"[{'codi': 2, 'dataInici': '1988-08-31T19:00Z', 'dataFi': None}]",41.68328,0.4487,251207,Lleida,33,Segrià,25,Lleida,1,XEMA
VL,Seròs - la Creu,A,Crta. de Seròs a la Granja d'Escarp,100.0,"[{'codi': 2, 'dataInici': '1998-01-05T15:00Z', 'dataFi': '2011-12-15T10:00Z'}, {'codi': 1, 'dataInici': '2011-12-15T10:00Z', 'dataFi': None}]",41.46014,0.40562,252043,Seròs,33,Segrià,25,Lleida,1,XEMA
VM,Vilanova de Segrià,A,Partida lo Sort,222.0,"[{'codi': 2, 'dataInici': '1997-09-17T15:00Z', 'dataFi': '2003-02-24T21:00Z'}, {'codi': 3, 'dataInici': '2003-02-24T21:00Z', 'dataFi': '2004-12-03T12:00Z'}, {'codi': 2, 'dataInici': '2004-12-03T12:00Z', 'dataFi': None}]",41.7145,0.62839,252516,Vilanova de Segrià,33,Segrià,25,Lleida,1,XEMA
VN,Vilobí d'Onyar,A,Camps de Can Salvà,117.0,"[{'codi': 2, 'dataInici': '1998-11-10T11:00Z', 'dataFi': None}]",41.88244,2.74262,172333,Vilobí d'Onyar,34,Selva,17,Girona,1,XEMA
VO,Lladurs,A,Masia el Pla - Montpol,785.0,"[{'codi': 2, 'dataInici': '1998-05-05T12:00Z', 'dataFi': None}]",42.08745,1.42792,251240,Lladurs,35,Solsonès,25,Lleida,1,XEMA
VP,Pinós,A,Masia Can Caselles,659.0,"[{'codi': 2, 'dataInici': '1995-07-03T13:00Z', 'dataFi': None}]",41.80483,1.53853,251673,Pinós,35,Solsonès,25,Lleida,1,XEMA
VQ,Constantí,A,IRTA - Centre de Mas Bové. Apt. correus 415,112.0,"[{'codi': 2, 'dataInici': '1990-05-29T12:00Z', 'dataFi': None}]",41.1713,1.16774,430477,Constantí,36,Tarragonès,43,Tarragona,1,XEMA
VR,Tornabous - Montargull,A,Masia Mignot,291.0,"[{'codi': 2, 'dataInici': '1997-09-17T15:00Z', 'dataFi': '2013-08-06T09:00Z'}, {'codi': 1, 'dataInici': '2013-08-06T09:00Z', 'dataFi': None}]",41.68994,1.04401,252252,Tornabous,38,Urgell,25,Lleida,1,XEMA
VS,Lac Redon (2.247 m),A,Lac Redon - Tuc deth Pòrt de Vielha,2247.0,"[{'codi': 2, 'dataInici': '1999-07-15T14:00Z', 'dataFi': None}]",42.63835,0.77889,252430,Vielha e Mijaran,39,Val d'Aran,25,Lleida,1,XEMA
VT,Cerdanyola del Vallès,A,Parc Tecnològic del Vallès. Masia Can Fatjó del Molí,84.0,"[{'codi': 2, 'dataInici': '1998-05-15T10:00Z', 'dataFi': '2014-01-03T08:00Z'}, {'codi': 1, 'dataInici': '2014-01-03T08:00Z', 'dataFi': None}]",41.48401,2.12745,082665,Cerdanyola del Vallès,40,Vallès Occidental,8,Barcelona,1,XEMA
VU,Rellinars,A,Puig de la Ballesta,421.0,"[{'codi': 2, 'dataInici': '1998-02-18T12:00Z', 'dataFi': None}]",41.63286,1.91718,081799,Rellinars,40,Vallès Occidental,8,Barcelona,1,XEMA
VV,Sant Llorenç Savall,A,Masia Can Brossa,528.0,"[{'codi': 2, 'dataInici': '1998-03-25T00:00Z', 'dataFi': None}]",41.68129,2.02647,082233,Sant Llorenç Savall,40,Vallès Occidental,8,Barcelona,1,XEMA
VW,Caldes de Montbui - Torre Marimon,A,Finca Torre Marimon,164.5,"[{'codi': 2, 'dataInici': '1990-12-23T00:00Z', 'dataFi': '2007-03-08T08:00Z'}, {'codi': 1, 'dataInici': '2007-03-08T08:00Z', 'dataFi': None}]",41.61235,2.17099,080333,Caldes de Montbui,41,Vallès Oriental,8,Barcelona,1,XEMA
VX,Tagamanent - PN del Montseny,A,Can Bellver - Serrat de Bellver. Parc Natural del Montseny,1030.0,"[{'codi': 2, 'dataInici': '1996-01-04T11:00Z', 'dataFi': None}]",41.74761,2.30291,082763,Tagamanent,41,Vallès Oriental,8,Barcelona,1,XEMA
VY,Nulles,A,Cooperativa agrària,240.0,"[{'codi': 2, 'dataInici': '2000-09-18T12:00Z', 'dataFi': '2008-10-20T08:00Z'}, {'codi': 3, 'dataInici': '2008-10-20T08:00Z', 'dataFi': '2009-05-18T11:00Z'}, {'codi': 2, 'dataInici': '2009-05-18T11:00Z', 'dataFi': None}]",41.25095,1.29863,430982,Nulles,1,Alt Camp,43,Tarragona,1,XEMA
VZ,Espolla,A,"Llaurants. Ref. Cadastral: Pol. 5, parc.195",83.0,"[{'codi': 2, 'dataInici': '2000-06-07T11:00Z', 'dataFi': None}]",42.38443,3.00736,170643,Espolla,2,Alt Empordà,17,Girona,1,XEMA
V1,Vallfogona de Balaguer,A,Escola de Cap. Agrària - Finca l'Empalme,238.0,"[{'codi': 2, 'dataInici': '1990-10-17T00:00Z', 'dataFi': None}]",41.78487,0.82939,252402,Vallfogona de Balaguer,23,Noguera,25,Lleida,1,XEMA
V3,Gurb,A,Masia Can Borra,509.0,"[{'codi': 2, 'dataInici': '1999-03-31T00:00Z', 'dataFi': '2022-11-15T11:00Z'}, {'codi': 1, 'dataInici': '2022-11-15T11:00Z', 'dataFi': None}]",41.95224,2.23271,081000,Gurb,24,Osona,8,Barcelona,1,XEMA
V4,Montesquiu,A,Castell de Montesquiu,684.0,"[{'codi': 2, 'dataInici': '1998-12-02T12:00Z', 'dataFi': None}]",42.11477,2.21483,081311,Montesquiu,24,Osona,8,Barcelona,1,XEMA
V5,Perafita,A,Finca la Tria,774.0,"[{'codi': 2, 'dataInici': '1995-07-03T18:00Z', 'dataFi': None}]",42.03947,2.11993,081607,Perafita,43,Lluçanès,8,Barcelona,1,XEMA
V6,Viladrau - Aigües de Viladrau,A,"Camí vell de Viladrau, s/n",871.0,"[{'codi': 2, 'dataInici': '1995-10-03T14:00Z', 'dataFi': '2005-03-29T11:00Z'}, {'codi': 1, 'dataInici': '2005-03-29T11:00Z', 'dataFi': None}]",41.84256,2.42636,172207,Viladrau,24,Osona,8,Barcelona,1,XEMA
V7,Embassament de Sau,A,Embassament de Sau. Club Nàutic.,435.0,"[{'codi': 2, 'dataInici': '1997-05-20T11:00Z', 'dataFi': '2006-05-02T14:00Z'}, {'codi': 1, 'dataInici': '2006-05-02T14:00Z', 'dataFi': None}]",41.97554,2.39837,083036,Vilanova de Sau,24,Osona,8,Barcelona,1,XEMA
V8,el Poal,A,"Finca el Molinet, c. Afores, s/n",223.0,"[{'codi': 2, 'dataInici': '1989-09-14T00:00Z', 'dataFi': None}]",41.67279,0.87741,251689,El Poal,27,Pla d'Urgell,25,Lleida,1,XEMA
V9,Miralcamp,A,Partida la Boletera,256.0,"[{'codi': 2, 'dataInici': '1997-09-26T07:00Z', 'dataFi': '2010-02-01T06:00Z'}, {'codi': 1, 'dataInici': '2010-02-01T06:00Z', 'dataFi': None}]",41.61333,0.87608,251351,Miralcamp,27,Pla d'Urgell,25,Lleida,1,XEMA
WA,Oliola,A,Partida l'Era,443.0,"[{'codi': 2, 'dataInici': '2001-03-26T11:00Z', 'dataFi': None}]",41.87694,1.1541,251500,Oliola,23,Noguera,25,Lleida,1,XEMA
WB,Albesa,A,"Partida l'Eral, camí del Torricó",267.0,"[{'codi': 2, 'dataInici': '1999-06-21T11:00Z', 'dataFi': None}]",41.76036,0.67022,250083,Albesa,23,Noguera,25,Lleida,1,XEMA
WC,Golmés,A,Partida Fogones,261.0,"[{'codi': 2, 'dataInici': '2000-08-08T11:00Z', 'dataFi': '2014-01-02T09:00Z'}, {'codi': 3, 'dataInici': '2014-01-02T09:00Z', 'dataFi': '2014-03-12T11:00Z'}, {'codi': 2, 'dataInici': '2014-03-12T11:00Z', 'dataFi': None}]",41.63642,0.92446,250997,Golmés,27,Pla d'Urgell,25,Lleida,1,XEMA
WD,Batea,A,Clos Cóssos,382.0,"[{'codi': 2, 'dataInici': '1999-12-23T00:00Z', 'dataFi': None}]",41.08671,0.31884,430228,Batea,37,Terra Alta,43,Tarragona,1,XEMA
WE,Vilanova del Vallès,A,Mas Casa Alta,126.0,"[{'codi': 2, 'dataInici': '2000-07-05T11:00Z', 'dataFi': None}]",41.5444,2.30014,089024,Vilanova del Vallès,41,Vallès Oriental,8,Barcelona,1,XEMA
WF,Vilablareix,A,Mas Saüch,108.0,"[{'codi': 2, 'dataInici': '2001-04-11T10:00Z', 'dataFi': '2015-10-01T00:00Z'}, {'codi': 1, 'dataInici': '2015-10-01T00:00Z', 'dataFi': None}]",41.95425,2.77578,172155,Vilablareix,20,Gironès,17,Girona,1,XEMA
WG,Algerri,A,"Comunitat de regants d'Algerri, ctra. d'Albesa, s/n",301.0,"[{'codi': 2, 'dataInici': '2000-12-13T12:00Z', 'dataFi': None}]",41.80104,0.64804,250156,Algerri,23,Noguera,25,Lleida,1,XEMA
WH,Bellvís,A,"Molí de Balaguer, crta. de Térmens",196.0,"[{'codi': 2, 'dataInici': '1997-09-17T14:00Z', 'dataFi': '2004-11-17T09:00Z'}, {'codi': 1, 'dataInici': '2004-11-17T09:00Z', 'dataFi': None}]",41.67342,0.8129,250523,Bellvís,27,Pla d'Urgell,25,Lleida,1,XEMA
WI,Maials,A,Paratge d'Argelagar,350.0,"[{'codi': 2, 'dataInici': '2000-12-20T14:00Z', 'dataFi': None}]",41.35741,0.4809,251333,Maials,33,Segrià,25,Lleida,1,XEMA
WJ,el Masroig,A,Finca Terranova,141.0,"[{'codi': 2, 'dataInici': '2000-06-20T10:00Z', 'dataFi': None}]",41.1223,0.72182,430825,El Masroig,29,Priorat,43,Tarragona,1,XEMA
WK,Alfarràs,A,"Escola de Capacitació Agrària d'Alfarràs(de 1997 a 2001, és Almenar)",268.0,"[{'codi': 2, 'dataInici': '1997-09-17T14:00Z', 'dataFi': None}]",41.81949,0.57768,250138,Alfarràs,33,Segrià,25,Lleida,1,XEMA
WL,Sant Martí de Riucorb,A,"Camí de les Comes, pol. 2, parc. 137",413.0,"[{'codi': 2, 'dataInici': '2002-02-05T12:00Z', 'dataFi': None}]",41.57236,1.0882,259025,Sant Martí de Riucorb,38,Urgell,25,Lleida,1,XEMA
WM,Santuari de Queralt,A,Santuari de la Mare de Déu de Queralt,1167.0,"[{'codi': 2, 'dataInici': '2002-01-23T11:00Z', 'dataFi': None}]",42.10736,1.8267,080229,Berga,14,Berguedà,8,Barcelona,1,XEMA
WN,Montserrat - Sant Dimes,A,Ermita de Sant Dimes,916.0,"[{'codi': 2, 'dataInici': '2003-01-02T12:00Z', 'dataFi': None}]",41.59539,1.83751,081271,Monistrol de Montserrat,7,Bages,8,Barcelona,1,XEMA
WO,la Bisbal del Penedès,A,Fondo de Cal Sumoi,185.0,"[{'codi': 2, 'dataInici': '2002-05-16T10:00Z', 'dataFi': '2006-07-07T11:00Z'}, {'codi': 3, 'dataInici': '2006-07-07T11:00Z', 'dataFi': '2007-07-25T08:00Z'}, {'codi': 2, 'dataInici': '2007-07-25T08:00Z', 'dataFi': None}]",41.27151,1.46717,430287,La Bisbal del Penedès,12,Baix Penedès,43,Tarragona,1,XEMA
WP,Canaletes,A,Camp del Roure - Can Feixes,325.0,"[{'codi': 2, 'dataInici': '2002-05-17T00:00Z', 'dataFi': None}]",41.48518,1.69337,081228,Mediona,3,Alt Penedès,8,Barcelona,1,XEMA
WQ,Montsec d'Ares (1.572 m),A,Serra de la Corona - Centre d'Observació de l'Univers,1572.0,"[{'codi': 2, 'dataInici': '2003-06-17T12:00Z', 'dataFi': None}]",42.0513,0.72952,251961,Sant Esteve de la Sarga,25,Pallars Jussà,25,Lleida,1,XEMA
WR,Torroja del Priorat,A,"Ref.cadastral: Pol. 3, parc. 38",300.0,"[{'codi': 2, 'dataInici': '2003-11-27T13:00Z', 'dataFi': None}]",41.2163,0.79748,431541,Torroja del Priorat,29,Priorat,43,Tarragona,1,XEMA
WS,Viladrau,A,Mas Vilarmau,953.0,"[{'codi': 2, 'dataInici': '2005-03-17T14:00Z', 'dataFi': None}]",41.84008,2.41877,172207,Viladrau,24,Osona,17,Girona,1,XEMA
WT,Malgrat de Mar,A,Camí de la Pomereda,2.0,"[{'codi': 2, 'dataInici': '2005-05-04T13:00Z', 'dataFi': None}]",41.64707,2.75658,081108,Malgrat de Mar,21,Maresme,8,Barcelona,1,XEMA
WU,Badalona - Museu,A,Museu,42.0,"[{'codi': 2, 'dataInici': '2005-09-21T10:00Z', 'dataFi': None}]",41.45215,2.24757,080155,Badalona,13,Barcelonès,8,Barcelona,1,XEMA
WV,Guardiola de Berguedà,A,Monestir de Sant Llorenç prop Bagà,788.0,"[{'codi': 2, 'dataInici': '2005-11-28T14:00Z', 'dataFi': None}]",42.23414,1.87485,080996,Guardiola de Berguedà,14,Berguedà,8,Barcelona,1,XEMA
WW,Artés,A,Artés,278.0,"[{'codi': 2, 'dataInici': '2006-02-16T12:00Z', 'dataFi': None}]",41.79423,1.9368,080109,Artés,7,Bages,8,Barcelona,1,XEMA
WX,Camarasa,A,Camarasa,668.0,"[{'codi': 2, 'dataInici': '2006-03-07T12:00Z', 'dataFi': None}]",41.9178,0.88175,250621,Camarasa,23,Noguera,25,Lleida,1,XEMA
WY,Sant Sadurní d'Anoia - el Clot de les Comes,A,-,164.0,"[{'codi': 2, 'dataInici': '2006-04-11T00:00Z', 'dataFi': '2021-05-07T09:00Z'}, {'codi': 1, 'dataInici': '2021-05-07T09:00Z', 'dataFi': None}]",41.43386,1.79429,082401,Sant Sadurní d'Anoia,3,Alt Penedès,8,Barcelona,1,XEMA
WZ,Cunit,A,-,17.0,"[{'codi': 2, 'dataInici': '2006-06-27T13:30Z', 'dataFi': None}]",41.20187,1.63346,430516,Cunit,12,Baix Penedès,43,Tarragona,1,XEMA
W1,Castelló d'Empúries,A,Can Garriga - Mas Bellesguard,2.0,"[{'codi': 2, 'dataInici': '2000-03-14T10:00Z', 'dataFi': None}]",42.24726,3.09021,170470,Castelló d'Empúries,2,Alt Empordà,17,Girona,1,XEMA
W2,Torroella de Fluvià,A,Camp de Pla d'Avall - Camp de la Creu,7.0,"[{'codi': 2, 'dataInici': '2000-03-14T17:00Z', 'dataFi': '2014-04-08T11:00Z'}, {'codi': 1, 'dataInici': '2014-04-08T11:00Z', 'dataFi': None}]",42.18259,3.05783,171984,Torroella de Fluvià,2,Alt Empordà,17,Girona,1,XEMA
W3,Ventalló,A,el Camp Lletget - Mare de Déu de l'Om - Montiró,4.0,"[{'codi': 2, 'dataInici': '2000-03-14T15:00Z', 'dataFi': '2015-01-12T10:30Z'}, {'codi': 1, 'dataInici': '2015-01-12T10:30Z', 'dataFi': None}]",42.15006,3.06494,172109,Ventalló,2,Alt Empordà,17,Girona,1,XEMA
W4,Vilafranca del Penedès - la Granada,A,Rasa de Sagols,240.0,"[{'codi': 2, 'dataInici': '1999-12-25T00:00Z', 'dataFi': None}]",41.36619,1.72857,083054,Vilafranca del Penedès,3,Alt Penedès,8,Barcelona,1,XEMA
W5,Oliana,A,Partida Esclotes,490.0,"[{'codi': 2, 'dataInici': '2000-06-22T11:00Z', 'dataFi': None}]",42.07683,1.31489,251497,Oliana,4,Alt Urgell,25,Lleida,1,XEMA
W6,Riudoms,A,Mas d'en Domènec,158.0,"[{'codi': 2, 'dataInici': '1999-10-19T09:00Z', 'dataFi': '2019-02-06T08:30Z'}, {'codi': 1, 'dataInici': '2019-02-06T08:30Z', 'dataFi': None}]",41.13738,1.0187,431299,Riudoms,8,Baix Camp,43,Tarragona,1,XEMA
W8,Blancafort,A,"Cooperativa vinícola, pl.del Sindicat",438.0,"[{'codi': 2, 'dataInici': '2000-01-18T12:00Z', 'dataFi': None}]",41.44237,1.15998,430290,Blancafort,16,Conca de Barberà,43,Tarragona,1,XEMA
W9,la Vall d'en Bas,A,Escola Verntallat,461.0,"[{'codi': 2, 'dataInici': '2000-03-16T15:00Z', 'dataFi': None}]",42.14557,2.45451,172076,La Vall d'en Bas,19,Garrotxa,17,Girona,1,XEMA
XA,la Panadella,A,La Creu del Vent,785.0,"[{'codi': 2, 'dataInici': '2008-12-18T13:30Z', 'dataFi': None}]",41.60257,1.4007,081332,Montmaneu,6,Anoia,8,Barcelona,1,XEMA
XB,la Llacuna,A,Cal Mateu,584.0,"[{'codi': 2, 'dataInici': '2008-03-19T11:00Z', 'dataFi': None}]",41.4779,1.53529,081043,La Llacuna,6,Anoia,8,Barcelona,1,XEMA
XC,Castellbisbal,A,Turó de la Verdalaga,147.0,"[{'codi': 2, 'dataInici': '2008-03-18T12:00Z', 'dataFi': None}]",41.47892,1.97546,080543,Castellbisbal,40,Vallès Occidental,8,Barcelona,1,XEMA
XD,Ulldemolins,A,Pigrossos,687.0,"[{'codi': 2, 'dataInici': '2008-04-17T11:00Z', 'dataFi': None}]",41.32,0.8857,431573,Ulldemolins,29,Priorat,43,Tarragona,1,XEMA
XE,Tarragona - Complex Educatiu,A,Complex Educatiu,5.0,"[{'codi': 2, 'dataInici': '2009-02-05T15:30Z', 'dataFi': None}]",41.10393,1.201,431482,Tarragona,36,Tarragonès,43,Tarragona,1,XEMA
XF,Sabadell - Parc Agrari,A,Parc Agrari,258.0,"[{'codi': 2, 'dataInici': '2008-10-23T15:30Z', 'dataFi': None}]",41.56568,2.06952,081878,Sabadell,40,Vallès Occidental,8,Barcelona,1,XEMA
XG,Parets del Vallès,A,CEIP Pau Vila,123.0,"[{'codi': 2, 'dataInici': '2008-10-30T16:00Z', 'dataFi': None}]",41.56734,2.22619,081593,Parets del Vallès,41,Vallès Oriental,8,Barcelona,1,XEMA
XH,Sort,A,Escola de Piragüisme,679.0,"[{'codi': 2, 'dataInici': '2009-07-31T15:00Z', 'dataFi': None}]",42.40533,1.12993,252094,Sort,26,Pallars Sobirà,25,Lleida,1,XEMA
XI,Mollerussa,A,-,247.0,"[{'codi': 2, 'dataInici': '2010-01-20T15:00Z', 'dataFi': None}]",41.61817,0.87182,251370,Mollerussa,27,Pla d'Urgell,25,Lleida,1,XEMA
XJ,Girona,A,Horts de Santa Eugènia,72.0,"[{'codi': 2, 'dataInici': '2010-09-15T15:00Z', 'dataFi': None}]",41.98223,2.80686,170792,Girona,20,Gironès,17,Girona,1,XEMA
XK,Puig Sesolles (1.668 m),A,Puig Sesolles (Massís del Montseny),1668.0,"[{'codi': 2, 'dataInici': '2010-09-22T14:00Z', 'dataFi': None}]",41.77362,2.43774,080811,Fogars de Montclús,41,Vallès Oriental,8,Barcelona,1,XEMA
XL,el Prat de Llobregat,A,Camí de la Ribera s/n,8.0,"[{'codi': 2, 'dataInici': '2011-03-22T13:30Z', 'dataFi': None}]",41.34045,2.08022,081691,El Prat de Llobregat,11,Baix Llobregat,8,Barcelona,1,XEMA
XM,els Alamús,A,-,235.0,"[{'codi': 2, 'dataInici': '2011-06-22T16:00Z', 'dataFi': None}]",41.59522,0.73507,250045,Els Alamús,33,Segrià,25,Lleida,1,XEMA
XN,Seròs,A,EDAR Aitona-Seròs,89.0,"[{'codi': 2, 'dataInici': '2011-12-15T12:00Z', 'dataFi': None}]",41.46379,0.42765,252043,Seròs,33,Segrià,25,Lleida,1,XEMA
XO,Vic,A,Vic,499.0,"[{'codi': 2, 'dataInici': '2011-12-22T11:30Z', 'dataFi': None}]",41.93497,2.23987,082981,Vic,24,Osona,8,Barcelona,1,XEMA
XP,Gandesa,A,IRTA UETA Gandesa,349.0,"[{'codi': 2, 'dataInici': '2011-11-30T08:30Z', 'dataFi': None}]",41.06581,0.43006,430640,Gandesa,37,Terra Alta,43,Tarragona,1,XEMA
XQ,Tremp,A,Conillera de Joncar,473.0,"[{'codi': 2, 'dataInici': '2012-10-22T13:00Z', 'dataFi': None}]",42.16252,0.88814,252347,Tremp,25,Pallars Jussà,25,Lleida,1,XEMA
XR,Prades,A,La Comanda,926.0,"[{'codi': 2, 'dataInici': '2013-01-31T16:00Z', 'dataFi': None}]",41.31481,0.98161,431166,Prades,8,Baix Camp,43,Tarragona,1,XEMA
XS,Santa Coloma de Farners,A,Dipòsit d'aigua,162.0,"[{'codi': 2, 'dataInici': '2013-03-26T13:30Z', 'dataFi': None}]",41.86489,2.66446,171805,Santa Coloma de Farners,34,Selva,17,Girona,1,XEMA
XT,Solsona,A,Magatzem Municipal,691.0,"[{'codi': 2, 'dataInici': '2012-07-12T14:00Z', 'dataFi': None}]",41.98766,1.51165,252075,Solsona,35,Solsonès,25,Lleida,1,XEMA
XU,Canyelles,A,Cementiri,148.0,"[{'codi': 2, 'dataInici': '2013-07-16T15:30Z', 'dataFi': None}]",41.28801,1.72195,080431,Canyelles,17,Garraf,8,Barcelona,1,XEMA
XV,Sant Cugat del Vallès - CAR,A,Centre d'Alt Rendiment,158.0,"[{'codi': 2, 'dataInici': '2013-08-08T13:30Z', 'dataFi': None}]",41.48311,2.07956,082055,Sant Cugat del Vallès,40,Vallès Occidental,8,Barcelona,1,XEMA
XW,Lleida - la Bordeta,A,Torre de Vallverdú,165.0,"[{'codi': 2, 'dataInici': '2013-07-24T11:00Z', 'dataFi': '2018-10-17T10:30Z'}, {'codi': 1, 'dataInici': '2018-10-17T10:30Z', 'dataFi': None}]",41.59822,0.64855,251207,Lleida,33,Segrià,25,Lleida,1,XEMA
XX,Anglesola - Tornabous,A,Masia Mingot,291.0,"[{'codi': 2, 'dataInici': '2013-08-06T11:00Z', 'dataFi': None}]",41.68835,1.04476,252252,Tornabous,38,Urgell,25,Lleida,1,XEMA
XY,Alcarràs,A,Central del revés,122.0,"[{'codi': 2, 'dataInici': '2013-07-31T11:00Z', 'dataFi': None}]",41.56509,0.55027,250117,Alcarràs,33,Segrià,25,Lleida,1,XEMA
XZ,Torroella de Fluvià,A, ,7.0,"[{'codi': 2, 'dataInici': '2014-04-08T11:30Z', 'dataFi': None}]",42.18139,3.06202,171984,Torroella de Fluvià,2,Alt Empordà,17,Girona,1,XEMA
X1,Falset,A,Abocador comarcal. Crta de Porrera,359.0,"[{'codi': 2, 'dataInici': '2006-12-20T13:00Z', 'dataFi': None}]",41.15374,0.81953,430555,Falset,29,Priorat,43,Tarragona,1,XEMA
X2,Barcelona - Zoo,A,Zoo,7.0,"[{'codi': 2, 'dataInici': '2006-09-22T10:00Z', 'dataFi': None}]",41.38943,2.18847,080193,Barcelona,13,Barcelonès,8,Barcelona,1,XEMA
X3,Alguaire,A,Aeròdrom,370.0,"[{'codi': 2, 'dataInici': '2006-06-02T11:00Z', 'dataFi': None}]",41.74281,0.5358,250169,Alguaire,33,Segrià,25,Lleida,1,XEMA
X4,Barcelona - el Raval,A,"Facultat de Geografia i Història. c. Montalegre nº6, 6a",33.0,"[{'codi': 2, 'dataInici': '2006-10-11T11:00Z', 'dataFi': None}]",41.3839,2.16775,080193,Barcelona,13,Barcelonès,8,Barcelona,1,XEMA
X5,PN dels Ports,A,Montpublic 21 sector Cova Avellanes,1055.0,"[{'codi': 2, 'dataInici': '2007-01-04T13:00Z', 'dataFi': None}]",40.79705,0.31822,431331,Roquetes,9,Baix Ebre,43,Tarragona,1,XEMA
X6,Baldomar,A,Baldomar,366.0,"[{'codi': 2, 'dataInici': '2006-10-24T14:00Z', 'dataFi': None}]",41.92173,1.02901,250349,Artesa de Segre,23,Noguera,25,Lleida,1,XEMA
X7,Torres de Segre,A,Torres de Segre,215.0,"[{'codi': 2, 'dataInici': '2007-07-02T13:00Z', 'dataFi': None}]",41.51909,0.55314,252326,Torres de Segre,33,Segrià,25,Lleida,1,XEMA
X8,Barcelona - Zona Universitària,A,Pistes UB,79.0,"[{'codi': 2, 'dataInici': '2008-04-17T11:00Z', 'dataFi': None}]",41.37919,2.1054,080193,Barcelona,13,Barcelonès,8,Barcelona,1,XEMA
X9,Caldes de Montbui,A,Torre Marimon,176.0,"[{'codi': 2, 'dataInici': '2007-03-08T14:00Z', 'dataFi': None}]",41.61265,2.16836,080333,Caldes de Montbui,41,Vallès Oriental,8,Barcelona,1,XEMA
YA,Puigcerdà,A,Poliesportiu municipal,1213.0,"[{'codi': 2, 'dataInici': '2016-03-22T16:00Z', 'dataFi': None}]",42.44013,1.93482,171411,Puigcerdà,15,Cerdanya,17,Girona,1,XEMA
YB,Olot,A,Pla de Dalt,433.0,"[{'codi': 2, 'dataInici': '2016-07-21T14:30Z', 'dataFi': None}]",42.18813,2.47097,171143,Olot,19,Garrotxa,17,Girona,1,XEMA
YC,la Pobla de Segur,A,Horta de les Feixes,508.0,"[{'codi': 2, 'dataInici': '2016-11-18T12:00Z', 'dataFi': None}]",42.24388,0.96802,251713,La Pobla de Segur,25,Pallars Jussà,25,Lleida,1,XEMA
YD,les Borges Blanques,A,Escola Agrària de les Borges Blanques,283.0,"[{'codi': 2, 'dataInici': '2017-01-25T00:00Z', 'dataFi': None}]",41.51135,0.85617,250582,Les Borges Blanques,18,Garrigues,25,Lleida,1,XEMA
YE,Massoteres,A,la Creu de Massoteres,513.0,"[{'codi': 2, 'dataInici': '2017-05-17T14:30Z', 'dataFi': None}]",41.79409,1.305756,251327,Massoteres,32,Segarra,25,Lleida,1,XEMA
YF,Mont-roig del Camp,A,Plana dels Penyals,43.0,"[{'codi': 2, 'dataInici': '2017-12-20T09:30Z', 'dataFi': None}]",41.02066,0.9345,430923,Mont-roig del Camp,8,Baix Camp,43,Tarragona,1,XEMA
YG,Tírvia,A,Heliport de Tírvia,954.0,"[{'codi': 2, 'dataInici': '2018-01-11T13:00Z', 'dataFi': None}]",42.51881,1.24244,252213,Tírvia,26,Pallars Sobirà,25,Lleida,1,XEMA
YH,Pujalt,A,Observatori de Pujalt,747.0,"[{'codi': 2, 'dataInici': '2018-04-06T13:00Z', 'dataFi': None}]",41.71734,1.42403,081764,Pujalt,6,Anoia,8,Barcelona,1,XEMA
YJ,Lleida - la Femosa,A,la Gabarrera,170.0,"[{'codi': 2, 'dataInici': '2018-08-21T10:30Z', 'dataFi': None}]",41.58462,0.64172,251207,Lleida,33,Segrià,25,Lleida,1,XEMA
YK,Terrassa,A,Can Poal,313.0,"[{'codi': 2, 'dataInici': '2018-12-20T12:30Z', 'dataFi': None}]",41.55361,1.99005,082798,Terrassa,40,Vallès Occidental,8,Barcelona,1,XEMA
YL,Riudecanyes,A,els Gorgs,170.0,"[{'codi': 2, 'dataInici': '2019-02-06T11:30Z', 'dataFi': None}]",41.1227,0.96951,431270,Riudecanyes,8,Baix Camp,43,Tarragona,1,XEMA
YM,Granollers,A,Parc del Puig de les Tres Torres,210.0,"[{'codi': 2, 'dataInici': '2019-09-17T11:30Z', 'dataFi': None}]",41.60922,2.29841,080961,Granollers,41,Vallès Oriental,8,Barcelona,1,XEMA
YN,Vielha - Elipòrt,A,Elipòrt de VIelha,1027.0,"[{'codi': 2, 'dataInici': '2021-03-11T11:30Z', 'dataFi': None}]",42.6966,0.80211,252430,Vielha e Mijaran,39,Val d'Aran,25,Lleida,1,XEMA
YO,Sant Sadurní d'Anoia,A,Camp de civada entre vinyes,155.0,"[{'codi': 2, 'dataInici': '2021-05-07T11:30Z', 'dataFi': None}]",41.43531,1.79324,082401,Sant Sadurní d'Anoia,3,Alt Penedès,8,Barcelona,1,XEMA
YP,Palafrugell,A,Horts urbans,36.0,"[{'codi': 2, 'dataInici': '2021-12-02T16:00Z', 'dataFi': None}]",41.90708,3.16034,171175,Palafrugell,10,Baix Empordà,17,Girona,1,XEMA
YQ,Port de Barcelona - ZAL Prat,A,Port de Barcelona,7.0,"[{'codi': 2, 'dataInici': '2021-12-02T12:00Z', 'dataFi': None}]",41.31926,2.137,081691,El Prat de Llobregat,11,Baix Llobregat,8,Barcelona,1,XEMA
YR,Vilanova i la Geltrú,A,Circuit de ciclisme,31.0,"[{'codi': 2, 'dataInici': '2023-04-13T13:00Z', 'dataFi': None}]",41.23575,1.73148,083073,Vilanova i la Geltrú,17,Garraf,8,Barcelona,1,XEMA
YS,Cabanes,A,Futura deixalleria,32.0,"[{'codi': 2, 'dataInici': '2024-05-13T00:00Z', 'dataFi': None}]",42.3204,2.95659,170307,Cabanes,2,Alt Empordà,17,Girona,1,XEMA
Y4,Alinyà,A,Tossal de Salamó,1162.0,"[{'codi': 2, 'dataInici': '2014-07-01T11:30Z', 'dataFi': None}]",42.17426,1.42775,259084,Fígols i Alinyà,4,Alt Urgell,25,Lleida,1,XEMA
Y5,Navata,A,Can Tries,152.0,"[{'codi': 2, 'dataInici': '2014-08-26T13:00Z', 'dataFi': None}]",42.22793,2.86295,171117,Navata,2,Alt Empordà,17,Girona,1,XEMA
Y6,Tivissa,A,-,317.0,"[{'codi': 2, 'dataInici': '2015-03-26T11:30Z', 'dataFi': None}]",41.04343,0.74032,431508,Tivissa,30,Ribera d'Ebre,43,Tarragona,1,XEMA
Y7,Port de Barcelona - Bocana Sud,A,Port de Barcelona,3.0,"[{'codi': 2, 'dataInici': '2015-04-08T12:00Z', 'dataFi': None}]",41.31725,2.16537,081691,El Prat de Llobregat,11,Baix Llobregat,8,Barcelona,1,XEMA
Y9,Port de Barcelona - ZAL Prat (ca l'Arana),A,Port de Barcelona,4.0,"[{'codi': 2, 'dataInici': '2015-06-26T13:00Z', 'dataFi': '2021-11-30T08:00Z'}, {'codi': 1, 'dataInici': '2021-11-30T08:00Z', 'dataFi': None}]",41.31723,2.13091,081691,El Prat de Llobregat,11,Baix Llobregat,8,Barcelona,1,XEMA
ZB,Salòria (2.451 m),A,Salòria,2451.0,"[{'codi': 2, 'dataInici': '2004-09-30T12:00Z', 'dataFi': None}]",42.51939,1.36597,250175,Alins,26,Pallars Sobirà,25,Lleida,1,XEMA
ZC,Ulldeter (2.410 m),A,Ulldeter,2410.0,"[{'codi': 2, 'dataInici': '2011-09-28T10:30Z', 'dataFi': None}]",42.42117,2.24565,171925,Setcases,31,Ripollès,17,Girona,1,XEMA
ZD,la Tosa d'Alp 2500,A,Tosa d'Alp,2478.0,"[{'codi': 2, 'dataInici': '2014-09-04T11:00Z', 'dataFi': None}]",42.32211,1.89716,170062,Alp,15,Cerdanya,17,Girona,1,XEMA
ZE,el Port del Comte (2.290 m),A,Port del Comte - Estivella,2290.0,"[{'codi': 2, 'dataInici': '2023-09-21T16:00Z', 'dataFi': None}]",42.18903,1.53098,251636,La Coma i la Pedra,35,Solsonès,25,Lleida,1,XEMA
Z1,Bonaigua (2.266 m),A,Port de la Bonaigua,2266.0,"[{'codi': 2, 'dataInici': '1997-11-06T13:00Z', 'dataFi': None}]",42.64691,0.98486,250241,Alt Àneu,26,Pallars Sobirà,25,Lleida,1,XEMA
Z2,Boí (2.535 m),A,Vall de Boí,2535.0,"[{'codi': 2, 'dataInici': '1998-11-13T00:00Z', 'dataFi': None}]",42.46602,0.88405,250432,La Vall de Boí,5,Alta Ribagorça,25,Lleida,1,XEMA
Z3,Malniu (2.230 m),A,Estany de Malniu,2230.0,"[{'codi': 2, 'dataInici': '1999-11-03T13:00Z', 'dataFi': None}]",42.46605,1.7785,170998,Meranges,15,Cerdanya,17,Girona,1,XEMA
Z4,Ulldeter (2.364 m),A,Ulldeter,2364.0,"[{'codi': 2, 'dataInici': '2000-11-08T15:00Z', 'dataFi': '2011-09-20T12:00Z'}, {'codi': 1, 'dataInici': '2011-09-20T12:00Z', 'dataFi': None}]",42.42205,2.2524,171925,Setcases,31,Ripollès,17,Girona,1,XEMA
Z5,Certascan (2.400 m),A,Certascan,2400.0,"[{'codi': 2, 'dataInici': '2000-11-11T00:00Z', 'dataFi': None}]",42.70029,1.27201,251235,Lladorre,26,Pallars Sobirà,25,Lleida,1,XEMA
Z6,Sasseuva (2.228 m),A,Sasseuva,2228.0,"[{'codi': 2, 'dataInici': '2001-09-20T11:00Z', 'dataFi': None}]",42.77011,0.73198,250313,Arres,39,Val d'Aran,25,Lleida,1,XEMA
Z7,Espot (2.519 m),A,Espot,2519.0,"[{'codi': 2, 'dataInici': '2002-03-01T17:00Z', 'dataFi': None}]",42.53412,1.05476,250827,Espot,26,Pallars Sobirà,25,Lleida,1,XEMA
Z9,Cadí Nord (2.143 m) - Prat d'Aguiló,A,Cadí Nord - Prat d'Aguiló,2143.0,"[{'codi': 2, 'dataInici': '2003-11-06T13:00Z', 'dataFi': None}]",42.29265,1.71498,251399,Montellà i Martinet,15,Cerdanya,25,Lleida,1,XEMA
